,AvgPriceperBottle,MarginPerBottle,PricePerLiter,R^2Score,TotalBottlesSold,TotalSales,Zip Code
0,11.8669767442,3.98813953488,14.9513223457,0.701488094435,588,5851.2,50002
1,12.7047169811,4.24748427673,13.5480124929,0.918312511761,3637,47716.1,50003
2,18.2931147541,6.10942622951,14.2753650144,0.73504913489,756,12280.24,50006
3,14.4027960057,4.81334759867,14.5227565187,0.828144038605,22665,294558.39,50009
4,15.7245160379,5.25289246856,14.7062255196,0.854616259629,64738,931101.58,50010
5,17.6311816193,5.88693654267,14.0451452774,0.686886165463,3660,48778.93,50014
6,13.6781081081,4.56189189189,12.3855782476,0.592376548094,862,10340.1,50020
7,15.7560610869,5.26462514875,14.336966075,0.793835536626,32298,503888.3,50021
8,15.2534040501,5.09441658631,12.9880740545,0.761388437375,8687,119339.23,50022
9,17.2003518679,5.74573848827,15.6257488663,0.71832502847,14702,212492.84,50023
10,13.2554634146,4.432,11.5640300921,0.872012066081,1364,16447.52,50025
11,11.6753448276,3.91448275862,12.8885204977,0.876970874177,294,3304.23,50028
12,11.0624324324,3.69418918919,12.6150576386,0.692234387935,530,5460.68,50033
13,12.6634435262,4.22845730028,14.2214792225,0.624955959049,1041,11611.98,50035
14,14.0865277778,4.70884027778,12.7694696746,0.972103320474,12788,169395.06,50036
15,6.50875,2.171875,8.71724137931,0.64851342076,390,1896.0,50044
16,11.6156862745,3.88843137255,11.8879964051,0.843367459789,199,2116.42,50046
17,12.9381767956,4.33552486188,11.2820249827,0.946037078851,2373,28929.03,50047
18,11.0037837838,3.66945945946,14.9872377622,0.891993950913,535,5143.62,50048
19,14.2108631579,4.74896842105,14.1523399077,0.834667243731,3629,47911.19,50049
20,11.6438020833,3.88796875,11.9398135639,0.750628780449,1464,15908.13,50054
21,12.8303703704,4.28407407407,11.2513777778,0.72634804626,348,3797.34,50056
22,15.2027966102,5.08610169492,13.1263713592,0.598956602416,854,10816.13,50058
23,15.8719230769,5.306,12.6380553846,0.824469570292,782,10268.42,50060
24,11.8833333333,3.96333333333,12.8310447761,0.864803138938,264,2579.04,50061
25,12.8521969697,4.30272727273,12.3332740575,0.549981218775,891,9709.74,50069
26,10.5046153846,3.52,12.9949612403,0.910081237621,198,2011.62,50071
27,12.2240540541,4.08216216216,10.8995233756,0.941593416601,279,3110.07,50072
28,11.4485869565,3.84619565217,11.7090685074,0.950395478473,635,7412.66,50075
29,11.8290909091,3.95590909091,10.8562436548,0.70841218981,330,3208.02,50076
30,13.2296428571,4.42928571429,11.3952923977,0.571270223049,386,3897.19,50107
31,10.8970967742,3.63419354839,11.8466189809,0.78301636828,521,4819.56,50109
32,15.2193745928,5.08569381107,13.9724425256,0.820752363758,9903,136766.04,50111
33,14.5723113208,4.86564690027,14.3002424123,0.833720498499,8816,118041.78,50112
34,12.390942029,4.14797101449,12.2494591086,0.785944528403,816,9624.89,50115
35,12.4002597403,4.14649350649,9.26451973566,0.941165235669,378,4640.32,50122
36,8.98566666667,3.00566666667,10.7381144239,0.84464942672,340,2665.2,50123
37,14.4604201681,4.83428571429,13.5230372058,0.885739952997,997,13357.38,50124
38,14.1545005675,4.72733825199,12.3236579902,0.898096135308,15700,190450.55,50125
39,15.8285212299,5.29040995608,13.0705017078,0.839606472049,7019,104122.1,50126
40,14.5761438679,4.86987028302,12.889288789,0.973588915675,6447,87883.94,50129
41,10.4387209302,3.49802325581,9.4204060774,0.843399785069,475,4792.82,50130
42,14.4592466074,4.83089845578,14.2123873834,0.870629357945,12242,170671.87,50131
43,12.7527160494,4.25481481481,15.3550435811,0.691675226597,374,3505.71,50135
44,10.193,3.399,11.0172065535,0.881235096038,157,1472.67,50136
45,13.4214942529,4.48326149425,13.3965025547,0.655756731535,7805,93997.23,50138
46,10.9141509434,3.65764150943,13.2295614765,0.743813093254,826,8426.04,50140
47,13.3541071429,4.46389285714,13.609200456,0.698342411684,718,8357.41,50142
48,14.5661538462,4.87,13.8716666667,0.674745230873,958,11319.28,50144
49,10.9772727273,3.66090909091,16.8731048806,0.78457047609,92,812.44,50150
50,12.5527777778,4.19105555556,12.6481725449,0.825964009772,894,10080.72,50156
51,14.9407680835,4.99117076808,14.5328798293,0.669207862919,25414,338061.38,50158
52,13.585,4.53,16.4586407767,0.772447261386,228,2542.86,50160
53,12.0561538462,4.07923076923,11.3605542725,0.991329627965,300,3689.34,50161
54,13.54,4.515,11.9309090909,0.982772024793,74,984.3,50162
55,15.0083040936,5.00766081871,14.596808606,0.697291735262,1245,16282.74,50163
56,12.4867768595,4.1694214876,13.0305790701,0.703062854946,787,8496.98,50170
57,15.4353913043,5.15466666667,13.3106695173,0.8346620877,2081,29572.98,50171
58,13.3358008658,4.4555952381,12.2924376132,0.601057238642,4325,47249.18,50201
59,13.8428571429,4.61607142857,12.3445106383,0.954566237551,228,2900.96,50207
60,14.2908784076,4.7763003029,12.7044965302,0.77628187542,13423,167786.38,50208
61,12.2088571429,4.07828571429,13.7834018399,0.873666666625,292,3520.97,50210
62,13.2597587719,4.43495614035,12.4622555896,0.914489993901,5855,79511.06,50211
63,13.4484552846,4.49520325203,12.8866671299,0.722120919625,784,9273.89,50212
64,14.5151440922,4.85015850144,13.755696414,0.93384762806,5429,78233.46,50213
65,13.7435114504,4.59541984733,12.4038645525,0.550732025312,1946,23077.39,50216
66,15.457532014,5.16643771828,14.1830097584,0.905486399834,7998,120531.33,50219
67,13.3335670357,4.45367773678,12.7048858932,0.849351723785,5335,64350.12,50220
68,14.536809816,4.85472392638,11.7791645192,0.489644744016,915,8456.38,50225
69,13.9508791209,4.67600732601,12.7091403384,0.96921536596,2394,31976.07,50226
70,9.70727272727,3.25181818182,14.7237700925,0.757219567609,377,3022.79,50228
71,11.0514285714,3.7125,12.6121082621,0.866617360314,339,3541.48,50240
72,12.6143076923,4.218,12.7719418185,0.789645283102,490,5417.73,50244
73,11.6921764706,3.90911764706,11.4882002384,0.755972015504,506,5783.16,50247
74,11.2455255255,3.76072072072,12.1343538406,0.831998262785,2514,27078.66,50248
75,17.2072151899,5.75075949367,12.5391014593,0.849809834547,367,5456.39,50249
76,12.9558947368,4.33049122807,11.750945512,0.830626017222,2109,23893.08,50250
77,11.74,3.915,15.701754386,0.930008171675,228,2685.0,50251
78,10.45,3.48533333333,9.82889842632,0.260128529382,294,2061.12,50261
79,15.1097419355,5.05262365591,16.2187955783,0.703048672193,13677,196604.24,50263
80,15.3412396694,5.12404040404,15.5320430441,0.821650796634,36375,507370.65,50265
81,16.6158353852,5.55130495955,17.3184388811,0.906443351412,37903,677930.29,50266
82,14.5621611253,4.86680306905,11.7308848711,0.911448558984,6990,88099.18,50273
83,11.1705714286,3.75314285714,12.262084507,0.910451854617,306,3264.78,50276
84,14.7627631579,4.93585526316,13.2403231381,0.521907079045,1254,15324.35,50300
85,12.2520403023,4.08982367758,12.8893164184,0.475828395443,6509,40599.8,50309
86,13.0824611973,4.37146341463,13.9202724456,0.605983913229,24399,235297.01,50310
87,15.5214834515,5.184143026,14.2254220516,0.729094462355,47521,686739.22,50311
88,19.5260486577,6.51766778523,17.8646509259,0.858874506341,10908,169399.23,50312
89,12.0543467933,4.02609263658,13.2368183887,0.757752374814,8077,72996.95,50313
90,17.6503584864,5.89121487055,17.6218857164,0.686393941112,89891,1325170.74,50314
91,12.851284374,4.29207052734,14.7364294556,0.75895520333,32939,335370.63,50315
92,13.8988697017,4.63923861852,15.2125314379,0.628486349339,18099,160773.03,50316
93,13.434759322,4.48743728814,14.2916045796,0.633980714123,42799,432750.93,50317
94,17.2267500772,5.749437751,15.9977747008,0.77075852734,84708,1300498.14,50320
95,14.7242271663,4.92089578454,14.2561274786,0.880869627564,16876,227912.71,50321
96,15.4045555556,5.14370833333,16.3164877224,0.897497589046,28060,384362.28,50322
97,13.0550276243,4.36215469613,14.7101828477,0.684222833968,1231,14392.59,50323
98,8.45774725275,2.82071428571,15.7158442727,0.52654792582,1613,9781.07,50324
99,14.0429116685,4.69317339149,15.4802542451,0.491615019815,8047,92670.22,50325
100,15.9620325203,5.3481300813,11.0755953027,0.978608281588,1849,25512.08,50327
101,14.8469118718,4.95990531682,12.9879350425,0.489694597669,39056,477804.83,50401
102,14.7720994475,4.93806629834,10.9452625853,0.638441156048,1796,22133.51,50421
103,13.466433121,4.51171974522,9.92841121495,0.71717634913,1227,14341.59,50423
104,13.9160264901,4.65986754967,11.8438541382,0.775748766601,719,8672.07,50424
105,16.0762074148,5.37154308617,13.6817130525,0.845904005537,14179,201719.62,50428
106,14.7676666667,4.95933333333,11.3131107206,0.948692072237,211,3218.58,50430
107,15.5081060606,5.18446969697,15.3162557561,0.901168311338,1394,21420.09,50435
108,15.4201346801,5.15094276094,11.9432011014,0.984111058606,5469,70874.18,50436
109,13.3935795455,4.48590909091,10.2758061534,0.581565622874,1865,19454.67,50438
110,15.0353811659,5.02813153961,12.6706867736,0.808941906444,4152,52992.74,50441
111,13.4020873786,4.4813592233,12.2010709794,0.703042555004,1437,15812.71,50450
112,14.16875,4.74625,8.43587628866,0.964624029739,90,1227.42,50452
113,10.37625,3.46,12.2632457748,0.611372975447,401,3011.24,50456
114,12.0634090909,4.03022727273,13.9223966394,0.836938937447,404,4407.97,50458
115,14.0363688761,4.69331412104,11.5327189248,0.885753678784,2456,34537.61,50459
116,13.584835443,4.54350632911,11.4273801432,0.732968563808,2640,30764.45,50461
117,13.9806060606,4.66151515152,11.0629069767,0.845666559906,219,2854.23,50466
118,12.8291925466,4.30248447205,11.965735847,0.744494447047,670,8625.74,50469
119,18.2043315508,6.07844919786,11.6035067174,0.637574298323,1327,17835.17,50472
120,10.7185185185,3.58703703704,11.7962303665,0.840557321156,364,3379.62,50475
121,18.4165,6.15621428571,13.7302391796,0.770469277396,1495,23243.51,50483
122,14.8399427995,4.95972745626,13.1806619232,0.915394586295,35469,463841.86,50501
123,15.2406341463,5.09504390244,12.5135510264,0.78030070147,9780,133792.51,50511
124,10.7058823529,3.57058823529,10.8228947368,0.729117498824,270,2467.62,50514
125,16.4655256065,5.49547169811,14.2104104312,0.768337356995,2699,39691.95,50517
126,13.4470481928,4.49722891566,12.3334695321,0.616984310612,1317,15696.19,50525
127,7.8592,2.622,10.3959047221,0.754853177128,462,2487.74,50529
128,14.8401075269,4.96247311828,13.9363334912,0.874549792642,491,7354.9,50530
129,15.0680067568,5.0360472973,11.6698806639,0.99511943898,2706,38040.31,50533
130,11.3822580645,3.82193548387,12.141809291,0.914000990204,288,2979.6,50535
131,15.6149787234,5.21676595745,13.1905481272,0.767078717871,4424,61557.65,50536
132,14.595,4.86666666667,15.7409090909,0.897240361948,168,2077.8,50540
133,8.878125,2.96125,9.09538461538,0.817288824203,234,1773.6,50541
134,8.772,2.95666666667,9.55960099751,0.578977078394,312,2300.04,50542
135,15.7940909091,5.27348484848,13.7086933752,0.687317432611,959,12564.84,50543
136,14.4170749543,4.81895795247,13.0154933041,0.852188595612,4334,57166.91,50548
137,12.2772340426,4.10936170213,10.1329363918,0.77048892873,1283,13852.94,50554
138,13.3956395349,4.47430232558,13.4297682285,0.807542253396,1157,15245.07,50563
139,9.2465,3.092,12.225046729,0.590962510682,252,1962.12,50569
140,13.4303703704,4.48525252525,10.8562458389,0.984444953712,2084,26089.73,50574
141,10.0974107143,3.37035714286,10.2580751639,0.792746463916,698,6526.29,50579
142,14.9091176471,4.97117647059,12.8820441347,0.907236297576,193,2772.86,50581
143,15.7446875,5.259328125,11.9201957997,0.682608357077,2728,36138.1,50583
144,14.1503482587,4.72751243781,11.8309838686,0.728763258588,893,10583.17,50585
145,15.7720499603,5.26927835052,14.4493133405,0.686273126739,14734,201149.18,50588
146,15.2690909091,5.09151515152,13.1331610624,0.356520989346,320,4015.07,50590
147,13.2353424658,4.42478310502,12.6049600177,0.960576652115,7102,85515.2,50595
148,17.0749056604,5.69613207547,10.1905834618,0.992534981053,1027,15471.14,50597
149,13.3561538462,4.46065934066,11.6379235711,0.740694116952,555,6721.25,50601
150,12.8840689655,4.31013793103,9.8541571155,0.830438100021,920,10962.06,50602
151,9.49868421053,3.18118421053,10.3264716872,0.926486524318,329,3040.01,50606
152,15.1274501614,5.05514144674,14.1932001307,0.780191468458,46902,625944.68,50613
153,14.536711165,4.85359223301,13.0415323676,0.853592896517,9605,123367.81,50616
154,11.4584848485,3.83045454545,12.3649729842,0.888053385503,652,7140.03,50619
155,14.4922222222,4.86373737374,11.1430637667,0.790387026845,473,6163.34,50621
156,12.9066129032,4.32919354839,11.3169511969,0.898345156103,1002,12197.41,50622
157,13.3859493671,4.47085443038,10.8095872558,0.983083149009,2632,33425.73,50627
158,17.5320833333,5.85895833333,13.1512912867,0.919539950225,505,8580.56,50628
159,14.4847674419,4.85290697674,11.1751982379,0.712916645125,427,5073.54,50629
160,13.0028205128,4.34743589744,10.4784549356,0.922124622527,423,5493.33,50630
161,11.76,3.92166666667,17.2569856054,1.0,33,407.61,50634
162,11.5622972973,3.86135135135,10.6530412371,0.867537144499,365,4133.38,50635
163,14.2310377358,4.75924528302,11.2412958435,0.82122132207,371,4597.69,50636
164,12.3723002421,4.13401937046,11.9294077506,0.752458657356,2369,26572.04,50638
165,9.42387096774,3.14258064516,12.8935761589,0.64630194606,722,3893.86,50641
166,17.434,5.82975,14.0131017595,0.632223195789,377,5551.01,50643
167,14.7628316611,4.92702341137,13.0159348349,0.921303105694,7823,109552.26,50644
168,13.6746017699,4.56548672566,14.213742414,0.647312980667,1842,21078.98,50647
169,14.8209944751,4.95436464088,12.098317757,0.755766022278,709,9385.27,50648
170,13.4375403226,4.49564516129,12.6362805343,0.839045296448,1179,14929.26,50651
171,14.293372093,4.77279069767,12.2582689487,0.769347068823,483,6267.04,50658
172,13.9537451737,4.668996139,10.8469906787,0.839469662476,1834,23052.35,50659
173,13.5206467662,4.52429519071,12.3410143515,0.558237983954,7979,100428.83,50662
174,13.2792941176,4.44364705882,11.1435483871,0.880568254411,915,11399.85,50665
175,13.8992361111,4.63479166667,15.6881123033,0.446095211358,728,7398.2,50667
176,12.176969697,4.09848484848,11.1844289044,0.807411087525,325,3598.59,50669
177,15.5144610778,5.1797005988,13.2182503753,0.822911204648,801,11533.32,50674
178,13.4454857143,4.48411428571,11.5316093491,0.534340474743,1296,12936.39,50675
179,14.0306722689,4.68953781513,11.4614079345,0.816461841585,1527,20263.54,50676
180,14.9356865285,4.99195595855,13.0704683817,0.827637444721,11856,160655.27,50677
181,9.86047619048,3.31285714286,8.66118811881,0.635509514819,312,2624.34,50680
182,15.5079245283,5.18490566038,14.1019543974,0.863384048066,414,6061.02,50682
183,14.1435259133,4.72362361937,14.7763509216,0.753470828165,22600,259495.33,50701
184,14.2021574803,4.74360944882,13.723965524,0.713661806747,39974,478738.03,50702
185,12.2933968804,4.10347660312,16.4207680648,0.537528183975,54285,476790.63,50703
186,12.0674198251,4.03150145773,13.7858968997,0.536534452623,7022,55702.33,50707
187,15.1447125353,5.06044297832,14.0290684589,0.893165015011,8006,112822.47,50801
188,11.65,3.91333333333,12.2865536723,0.979131890531,264,3262.08,50830
189,13.7612101911,4.59458598726,12.9455552289,0.842278444518,593,7925.01,50833
190,15.2532478632,5.09111111111,12.6777700789,0.7470635217,955,12441.71,50841
191,19.9624193548,6.65580645161,13.8338998836,0.678006210434,527,8912.49,50846
192,14.0587113402,4.69458762887,13.0813974205,0.649942295982,1426,16887.43,50849
193,13.4029787234,4.47326241135,12.9054961134,0.772812211488,685,7056.08,50851
194,14.007761194,4.68278606965,11.4158804736,0.903103020566,1298,18223.17,50854
195,13.4822727273,4.51090909091,12.2470351759,0.778776230632,167,1827.87,50864
196,12.4928985507,4.17333333333,12.7305355771,0.760019944049,504,5469.42,51001
197,11.5314285714,3.84571428571,11.9054883721,0.848167209856,195,1919.76,51002
198,13.2700609756,4.43524390244,12.3193029936,0.598463348682,872,10378.52,51004
199,11.6954545455,3.94272727273,13.0860952381,0.930656017086,186,2061.06,51005
200,14.4433079848,4.8319391635,12.6026957799,0.544439551326,7144,80297.32,51012
201,15.0442774566,5.02832369942,12.6680944178,0.621670053635,1252,16325.88,51023
202,16.31825,5.44871875,14.8524195161,0.771143391207,1924,29710.78,51025
203,15.8555555556,5.28722222222,16.3478599222,0.845362986976,202,3151.05,51027
204,12.4496,4.1676,11.6087671233,0.716544077544,521,5720.22,51028
205,15.2448006135,5.08973159509,13.6855848971,0.799081045447,10615,146477.91,51031
206,15.5028505747,5.18588505747,13.0042149906,0.844347677323,2119,29926.73,51034
207,13.6206493506,4.55935064935,11.6036452005,0.799110591517,367,4774.9,51035
208,11.857,3.978,12.8365384615,0.765695976209,97,1001.25,51038
209,14.0529634146,4.69793902439,13.8985353459,0.500063060724,3390,37852.8,51040
210,14.1188590604,4.71567114094,11.2301627551,0.970983136791,4465,64439.46,51041
211,15.441875,5.166015625,11.198404119,0.50135055472,853,10048.44,51046
212,13.7705343511,4.61374045802,12.4575228265,0.800832213096,958,12552.2,51050
213,15.3126666667,5.106,11.6404407713,0.902626902486,77,1056.37,51053
214,14.0009308511,4.6779787234,13.3804458319,0.802077762314,2259,27773.39,51054
215,10.8753982301,3.63637168142,13.5608735122,0.929717526962,977,10755.4,51055
216,14.5797142857,4.868,12.6840366972,0.392216910276,358,4147.68,51058
217,16.3405499276,5.45331403763,17.1987421856,0.460858724336,5806,73235.34,51101
218,15.0372642245,5.01866718628,17.6287970459,0.713304912369,18670,242712.22,51103
219,15.5229265176,5.17994888179,14.6185009936,0.881857244883,11211,148602.91,51104
220,13.4602648402,4.49453881279,13.6761025551,0.3945579141,11809,127491.5,51105
221,15.1644609508,5.06521222411,14.4581608781,0.83894629745,34487,498307.31,51106
222,14.3249217639,4.78559032717,12.7322905893,0.896658399185,7394,94418.72,51108
223,13.2994358974,4.44194871795,12.7466763238,0.681600549687,1380,15839.02,51109
224,14.2990368852,4.7775307377,12.8854125627,0.910580206402,8139,113488.4,51201
225,14.6154166667,4.88808333333,14.1353861713,0.841579927187,375,5311.23,51237
226,10.7007407407,3.57777777778,11.7722371968,0.973876874363,213,2445.8,51238
227,14.8823954373,4.97996197719,13.8302322227,0.861299524179,1247,18218.15,51240
228,16.3638157895,5.46322368421,14.5915911524,0.707142660132,1898,27937.79,51241
229,17.594537037,5.87777777778,14.9117234247,0.736139764177,640,10093.0,51245
230,15.1245020747,5.05323651452,13.3323171753,0.470564124143,3434,43778.13,51246
231,12.8176595745,4.28542553191,11.9992983558,0.828230741674,985,11458.13,51247
232,12.4986931818,4.17278409091,12.0937402724,0.934304507599,657,8158.8,51248
233,15.5773219373,5.20806267806,13.4629333547,0.717078980088,2132,30313.41,51249
234,15.7326714286,5.25241428571,14.8941998338,0.93614024162,5929,98607.05,51250
235,14.4563141361,4.82908376963,12.140974708,0.819016460318,13733,176608.81,51301
236,15.5731664411,5.19952638701,14.7499612377,0.749076422847,3596,50419.35,51331
237,14.9689896373,5.00120466321,12.3022263726,0.922850506846,4957,65606.42,51334
238,15.0714285714,5.04285714286,11.0044635193,0.823027950263,50,641.01,51338
239,13.6943298969,4.56979381443,11.2494672489,0.783354087942,530,6440.32,51342
240,13.0182154882,4.35023569024,10.8729038294,0.988555063798,1493,19639.4,51346
241,13.2221212121,4.42121212121,11.8865198238,0.944000284497,314,4047.36,51347
242,15.2013487882,5.07464699684,13.6156055916,0.706786198859,10956,153328.33,51351
243,12.898,4.30125,14.9297105494,0.743252748267,309,3744.67,51355
244,13.8045652174,4.60847826087,10.5667851852,0.702026878501,294,3566.29,51358
245,15.4718143204,5.16940533981,13.3912822449,0.687652501857,17136,241553.69,51360
246,14.7239471903,4.92048747461,13.3841220613,0.909168797499,18680,279214.87,51401
247,14.239032967,4.75879120879,11.5080790867,0.977511615342,10788,143568.12,51442
248,12.5554716981,4.19433962264,14.8852392087,0.829825668072,337,4010.53,51443
249,15.0773248408,5.04267515924,12.108336915,0.958125070092,3346,46483.3,51445
250,13.806350365,4.62051094891,11.5328992629,0.836760441267,1120,14081.67,51449
251,15.1740721649,5.07582474227,12.4684971849,0.522557351327,1719,21592.32,51450
252,11.3733333333,3.79333333333,15.5,1.0,12,139.5,51453
253,14.9879847909,5.00673003802,13.9642395708,0.68014555305,946,12753.54,51455
254,17.3986057692,5.80745192308,14.4693494898,0.919892095211,682,11343.97,51461
255,10.4992,3.5012,12.2578795054,0.86255464282,241,2329.61,51462
256,13.2185714286,4.43142857143,17.0006779661,0.997448611153,177,2256.84,51466
257,13.7470227859,4.58997850387,15.4609047512,0.698812968655,53873,712179.83,51501
258,14.8233027794,4.95157599054,14.2431110339,0.846346808082,33631,479608.99,51503
259,11.2185454545,3.74145454545,13.9217376255,0.520741336489,1890,12065.97,51510
260,14.9533260394,4.99008752735,14.2357169657,0.754304267098,3143,42874.99,51521
261,12.7403846154,4.26692307692,16.6474165894,0.798205583413,246,2874.01,51526
262,11.5033333333,3.83666666667,18.137254902,1.0,8,92.5,51530
263,14.1198873239,4.718,12.2491240613,0.48084400631,3439,39749.51,51534
264,14.248,4.75,12.1973913043,0.902689660869,36,420.81,51535
265,13.8949016641,4.64231467474,11.950128994,0.912990578644,7446,101395.53,51537
266,12.0962135922,4.04708737864,11.0487119844,0.80614483883,757,8929.79,51546
267,8.538,2.84766666667,11.6852173913,0.889044326614,468,3225.12,51551
268,13.2088888889,4.43333333333,16.4177932042,0.915041063335,72,898.71,51553
269,13.3707012195,4.46678353659,12.716074139,0.617292129811,2701,29740.99,51555
270,11.1912698413,3.74206349206,13.5793125793,0.926519919093,431,5029.37,51559
271,13.9618823529,4.65909803922,13.5737501324,0.595370555007,1289,14099.19,51560
272,16.6659016393,5.56163934426,14.3854950765,0.155919335252,1211,12403.03,51561
273,15.3326196474,5.12102015113,13.0075779147,0.877240374155,5967,76745.23,51566
274,14.26125,4.765,14.5460877204,0.520476544338,206,2318.21,51575
275,13.7825,4.60057692308,15.2937603534,0.809803973619,479,5539.4,51577
276,12.6663870968,4.23090322581,14.4531715586,0.808462562441,667,8100.28,51579
277,13.9397168405,4.65837555887,13.4355199631,0.86439909232,6325,83817.76,51601
278,14.9521666667,4.998125,14.1448459687,0.700099611622,4390,59488.13,51632
279,10.2611111111,3.43148148148,14.2877045555,0.89223314906,371,3230.45,51640
280,14.9866855941,5.00645215563,14.4903346399,0.704734499002,48743,651576.01,52001
281,15.1998372661,5.08082180635,12.1864506852,0.834794096497,16450,231788.12,52002
282,16.566745435,5.53319011815,14.2316987478,0.586188018705,6944,95798.83,52003
283,14.197605042,4.74865546218,13.0082983001,0.733720161122,2252,28467.36,52031
284,13.4096,4.48853333333,11.6659645064,0.840647369282,1491,19161.93,52033
285,14.1915789474,4.76210526316,12.5981560284,0.758011401211,286,3552.68,52036
286,12.1386206897,4.05551724138,13.1243028876,0.45588594681,234,2118.0,52037
287,14.0916446125,4.71109640832,11.4683828455,0.955254094936,4464,60948.95,52040
288,13.5218604651,4.51825581395,11.5107471264,0.842435627804,454,6008.61,52042
289,13.8709090909,4.65239669421,11.3447046295,0.92502338555,742,9481.11,52043
290,9.23793103448,3.08103448276,10.3094610778,0.805226146123,312,2582.52,52046
291,15.9339772727,5.31852272727,14.1492485208,0.848363766635,2162,31208.29,52052
292,13.3465,4.46433333333,12.5100580403,0.909658268792,698,9160.49,52053
293,15.0544,5.04141818182,12.3742154134,0.892674835638,3180,44909.74,52057
294,13.5865878645,4.53842395587,12.0140637819,0.95028721051,9180,118468.16,52060
295,11.8546428571,3.95964285714,15.5320766718,0.857188845855,474,5372.39,52068
296,13.9770689655,4.66913793103,10.4673539519,0.895775024806,536,6853.5,52076
297,11.5565384615,3.86653846154,12.6541934631,0.580843225501,617,5745.51,52079
298,13.3373441734,4.44756097561,22.136406716,0.350816851556,5853,47647.73,52084
299,15.3475888325,5.12418781726,13.5791747604,0.828816593001,3904,52079.53,52087
300,15.1508995633,5.06092576419,13.2690688486,0.699355078427,10385,135214.2,52101
301,15.0010035842,5.01657706093,11.5196584036,0.941510071784,5782,83228.38,52136
302,14.0865217391,4.70927536232,13.668198618,0.725354168729,1059,12758.58,52142
303,15.465125,5.159875,12.7836617367,0.857497715978,856,13475.13,52144
304,15.2460416667,5.10041666667,12.9049071076,0.432011658718,410,4105.18,52146
305,12.5330666667,4.1926,10.8410538326,0.741801043578,956,10451.86,52151
306,17.2595121951,5.77853658537,16.7877110531,0.961955667495,566,9644.54,52154
307,16.7934411085,5.6133256351,13.8459299773,0.776807853988,1449,22075.12,52159
308,14.1919565217,4.73195652174,11.8275126633,0.536792720499,387,4436.5,52162
309,22.3757894737,7.4598245614,16.4117261655,0.830484810753,477,9769.08,52166
310,15.4614375,5.1633375,12.8819736166,0.766100406591,5697,80006.46,52172
311,14.5489020772,4.86130563798,11.3007801327,0.95006714884,2192,28841.06,52175
312,14.4507718696,4.82957118353,12.1540675255,0.901875977201,4767,65715.22,52205
313,12.38,4.15307692308,11.4237455466,0.489333424926,290,2661.39,52207
314,14.9135507246,4.9779468599,11.9601553809,0.626419835221,2695,33868.17,52208
315,15.3254123711,5.11886597938,12.8749120131,0.679573414665,967,13169.49,52211
316,12.4560571429,4.16537142857,10.8559396817,0.835051652493,827,9718.78,52213
317,11.4211363636,3.82242424242,11.0186308142,0.471256756944,1116,9539.6,52214
318,9.68545454545,3.24454545455,15.2558139535,0.920275618618,59,524.8,52223
319,12.2583783784,4.10162162162,13.2212145749,0.904581707543,426,4898.46,52224
320,12.3346511628,4.1423255814,13.5566551922,0.664580371042,440,4725.85,52227
321,9.7475,3.25055555556,12.8813204509,0.854659095792,439,3999.65,52228
322,10.9741221374,3.66348600509,13.571193117,0.516437152419,4469,35900.42,52233
323,15.1060182768,5.04502937337,15.6653497299,0.639416821297,81693,1080449.51,52240
324,16.4300870575,5.48651189785,17.2222820578,0.762701397361,37787,616268.88,52241
325,15.5221692491,5.18266984505,16.1043898061,0.880673747617,3999,58143.45,52245
326,14.0826055613,4.70983522142,13.8506846048,0.85352566737,8231,112073.23,52246
327,11.4745454545,3.83227272727,11.1834674788,0.621003814288,285,2570.52,52248
328,13.5761151079,4.55014388489,12.0895943748,0.796282413592,931,11519.57,52253
329,12.8581818182,4.28757575758,14.040128623,0.655631304233,284,3187.39,52254
330,13.8390140845,4.63300469484,12.2100599512,0.848745365461,2712,40774.03,52301
331,14.072749004,4.70075254537,13.3288631906,0.876597272833,20959,272035.3,52302
332,10.3327123288,3.44706849315,14.951846611,0.546081524568,1354,10566.47,52303
333,10.645,3.5734375,13.9233680227,0.515492886255,526,4415.1,52306
334,13.7042624224,4.5799068323,12.542256732,0.716715182326,4477,55565.96,52310
335,17.5173631841,5.84998341625,14.4301437029,0.735476415901,18977,270642.54,52314
336,10.7096875,3.5715625,8.05122811359,0.868284765434,141,1301.32,52316
337,14.8013935681,4.94509188361,14.9257428488,0.531901640257,11554,139954.81,52317
338,13.5636842105,4.53578947368,12.0091624911,0.151922353953,507,5033.04,52324
339,15.2302252252,5.08963963964,15.5273553647,0.844409062669,2084,30131.92,52327
340,10.86,3.62,14.9818181818,1.0,11,123.6,52328
341,13.6953495441,4.58006079027,11.7418482443,0.659005221676,962,10680.62,52332
342,14.1646783626,4.72725146199,13.4375298045,0.846037821803,1972,25360.65,52333
343,12.1648148148,4.10925925926,11.5444043321,0.92301524298,408,4796.7,52336
344,9.43555555556,3.14666666667,17.44160401,0.991821820211,246,2087.76,52337
345,18.8858436214,6.30530864198,27.9963455772,0.962493610794,1758,41828.78,52338
346,11.1881060606,3.74204545455,13.0803747591,0.615840746062,1145,11336.63,52340
347,13.3484954604,4.45770428016,13.3873922016,0.782876651855,4965,59874.71,52342
348,10.4379310345,3.49103448276,10.8915732369,0.882641724252,316,3011.52,52345
349,13.033125,4.35875,14.0462306136,0.88091613113,411,5207.64,52347
350,13.306407767,4.44053398058,11.8137473171,0.893537259367,2476,32474.81,52349
351,14.5506666667,4.86066666667,13.2627126437,0.919879112107,206,2884.64,52351
352,11.1575,3.734,9.68923611111,0.511397148476,286,2790.5,52352
353,15.302677761,5.11011346445,14.5808215022,0.556184090228,11134,143205.83,52353
354,15.1732244898,5.06942857143,12.5658397731,0.799652499714,923,12228.07,52356
355,11.7372900763,3.9227480916,12.5719007323,0.75161421203,826,8824.72,52358
356,13.9802281369,4.68410646388,11.9156939777,0.924693040206,2349,31483.17,52361
357,20.5452108194,6.85217979316,18.2987653163,0.720405120982,18143,308372.44,52401
358,14.1879302393,4.73904295186,14.0826068187,0.69980877862,89329,1154143.14,52402
359,15.0246349745,5.02040747029,14.9081360632,0.565801375213,11346,146351.83,52403
360,13.4663790665,4.5003960396,13.6986630331,0.756139884739,41333,464167.69,52404
361,12.1109394632,4.04375499714,13.5407687052,0.687931137387,25176,272127.61,52405
362,16.5475347759,5.52838485317,16.745035531,0.893108476888,8056,133207.26,52411
363,13.2695664379,4.43167186525,14.3326292114,0.882617767648,23899,310079.41,52501
364,13.6714662757,4.5695601173,13.472463638,0.830986956054,2578,33003.09,52531
365,13.8771921182,4.63674876847,12.2568098444,0.751931445315,1053,13197.52,52537
366,13.9831654676,4.67232271326,11.9810202238,0.905568724706,7751,91108.59,52544
367,16.0265625,5.360625,14.2185778578,0.811370707787,296,3949.21,52553
368,13.34,4.44820512821,13.4710344828,0.625966701607,346,3515.94,52554
369,16.3250557621,5.44965303594,15.1511940659,0.806470885716,7643,104212.64,52556
370,14.5749765258,4.86873239437,13.679169739,0.832387883336,1278,18551.69,52565
371,18.9207462687,6.32447761194,16.8790317003,0.807359868563,420,7321.28,52571
372,14.8720343461,4.97449141347,13.4335646225,0.77718196863,12201,152501.99,52577
373,12.9701672241,4.33655518395,11.3439164129,0.778697805116,1358,15721.08,52591
374,14.4819004065,4.8346104336,15.1521774426,0.673922915346,27529,335973.17,52601
375,9.20533333333,3.07,13.1569082126,0.81542103223,174,1361.74,52623
376,14.0370588235,4.68117647059,15.8667768595,0.942176059784,222,2879.82,52625
377,11.479375,3.8284375,14.333919825,0.917594490377,276,3014.28,52626
378,14.3526753435,4.79535068691,13.7365523871,0.763313287287,10959,133755.97,52627
379,15.5547010551,5.19207502931,15.0072723785,0.860527907527,21965,319238.75,52632
380,15.3594389439,5.12293729373,14.9677107367,0.642346369198,933,12844.99,52637
381,8.50473684211,2.84763157895,12.6214581066,0.792767874818,410,2899.78,52639
382,13.6169818182,4.55072727273,13.2717337099,0.984027343369,11059,145307.7,52641
383,11.7047938144,3.90644329897,12.9640436789,0.649882962913,1122,11515.96,52653
384,14.0105473965,4.68412550067,13.9410458719,0.690233797193,9096,110326.37,52655
385,17.2343428571,5.74897142857,16.0471073378,0.844955365044,1666,26461.68,52656
386,17.1702919708,5.7330143282,16.4484684478,0.742952259491,44125,672194.79,52722
387,11.6562117647,3.8928,12.3720643804,0.529500038042,1032,10346.51,52726
388,10.4819444444,3.51666666667,12.5823006695,0.867310613843,540,5168.18,52728
389,13.5555395683,4.52424460432,13.2558668716,0.474381747145,1453,15437.65,52730
390,13.7231502481,4.58276045358,13.7135448087,0.712045272184,26148,322112.38,52732
391,12.175372549,4.06454901961,14.6227194525,0.572877085189,2996,30512.79,52733
392,12.3371034483,4.11837931034,14.8229281747,0.843250974425,3255,19186.65,52738
393,14.3268656716,4.79900497512,12.0869100067,0.948027009403,2867,40220.16,52742
394,12.4669230769,4.16441295547,11.585001045,0.695343145685,833,8868.55,52747
395,14.4896387283,4.84319364162,13.1887462296,0.520427837397,4673,54349.9,52748
396,12.48125,4.18078125,12.8715211372,0.753475573783,407,4509.28,52751
397,14.7177834179,4.91747884941,19.6856302516,0.956156922488,4742,68737.89,52753
398,14.3455945707,4.79166420773,13.8694990564,0.795889373116,25054,324474.85,52761
399,9.54846153846,3.1841025641,9.83851179095,0.882246269997,291,2469.86,52768
400,12.7643538767,4.27246520875,12.0742875617,0.979567117001,3919,48178.46,52772
401,15.2216911765,5.07966911765,15.6144690129,0.620239780328,1565,21199.14,52776
402,12.6169230769,4.21692307692,12.3917541118,0.774489646702,152,1665.08,52777
403,11.6688535032,3.90022292994,11.4935335335,0.79295433167,1120,11482.04,52778
404,22.25,7.42,23.4666666667,1.0,14,246.4,52801
405,10.6700479781,3.56204249486,13.5376206643,0.479161789041,18419,122219.67,52802
406,11.4056150342,3.8063667426,16.3538318847,0.452611163747,18468,131007.44,52803
407,13.6117692566,4.54652539522,14.932095373,0.674736880246,40831,448314.96,52804
408,13.5356111603,4.52405668733,13.146747316,0.856923152609,19476,218217.6,52806
409,15.7558895184,5.26367705382,14.5660485025,0.781558594355,50139,730049.04,52807
410,15.82,5.27565217391,15.1072164948,0.934741272518,324,4396.2,56201
411,16.2674594595,5.42902702703,14.8678186802,0.608507099594,1021,15185.99,712-2
