,AvgPriceperBottle,City,MarginPerBottle,PricePerLiter,R^2Score,TotalBottlesSold,TotalSales
0,13.3561538462,ACKLEY,4.46065934066,11.6379235711,0.740694116952,555,6721.25
1,11.8669767442,ADAIR,3.98813953488,14.9513223457,0.701488094435,588,5851.2
2,12.7047169811,ADEL,4.24748427673,13.5480124929,0.918312511761,3637,47716.1
3,11.65,AFTON,3.91333333333,12.2865536723,0.979131890531,264,3262.08
4,12.4928985507,AKRON,4.17333333333,12.7305355771,0.760019944049,504,5469.42
5,13.6714662757,ALBIA,4.5695601173,13.472463638,0.830986956054,2578,33003.09
6,18.2931147541,ALDEN,6.10942622951,14.2753650144,0.73504913489,756,12280.24
7,15.2406341463,ALGONA,5.09504390244,12.5135510264,0.78030070147,9780,133792.51
8,13.103373494,ALLISON,4.37734939759,10.4193298969,0.875176578671,549,6872.59
9,11.5314285714,ALTA,3.84571428571,11.9054883721,0.848167209856,195,1919.76
10,14.4027960057,ALTOONA,4.81334759867,14.5227565187,0.828144038605,22665,294558.39
11,15.8401712238,AMES,5.29135253517,14.6718482075,0.847597890687,68398,979880.51
12,14.4507718696,ANAMOSA,4.82957118353,12.1540675255,0.901875977201,4767,65715.22
13,13.6781081081,ANITA,4.56189189189,12.3855782476,0.592376548094,862,10340.1
14,16.4454157164,ANKENY,5.49425876011,14.6965111074,0.785971728352,47000,716381.14
15,13.2700609756,ANTHON,4.43524390244,12.3193029936,0.598463348682,872,10378.52
16,9.49868421053,ARLINGTON,3.18118421053,10.3264716872,0.926486524318,329,3040.01
17,10.7058823529,ARMSTRONG,3.57058823529,10.8228947368,0.729117498824,270,2467.62
18,17.5332231405,ARNOLD'S PARK,5.85388429752,17.7805276836,0.775243532146,602,10331.02
19,14.6187726358,ARNOLDS PARK,4.8809054326,14.1293404858,0.747640583989,2994,40088.33
20,15.2534040501,ATLANTIC,5.09441658631,12.9880740545,0.761388437375,8687,119339.23
21,13.2554634146,AUDUBON,4.432,11.5640300921,0.872012066081,1364,16447.52
22,11.6954545455,AURELIA,3.94272727273,13.0860952381,0.930656017086,186,2061.06
23,14.9533260394,AVOCA,4.99008752735,14.2357169657,0.754304267098,3143,42874.99
24,12.38,BALDWIN,4.15307692308,11.4237455466,0.489333424926,290,2661.39
25,16.4655256065,BANCROFT,5.49547169811,14.2104104312,0.768337356995,2699,39691.95
26,11.6753448276,BAXTER,3.91448275862,12.8885204977,0.876970874177,294,3304.23
27,13.7612101911,BEDFORD,4.59458598726,12.9455552289,0.842278444518,593,7925.01
28,14.9135507246,BELLE PLAINE,4.9779468599,11.9601553809,0.626419835221,2695,33868.17
29,14.197605042,BELLEVUE,4.74865546218,13.0082983001,0.733720161122,2252,28467.36
30,14.7720994475,BELMOND,4.93806629834,10.9452625853,0.638441156048,1796,22133.51
31,17.1702919708,BETTENDORF,5.7330143282,16.4484684478,0.742952259491,44125,672194.79
32,11.0624324324,BEVINGTON,3.69418918919,12.6150576386,0.692234387935,530,5460.68
33,13.8771921182,BLOOMFIELD,4.63674876847,12.2568098444,0.751931445315,1053,13197.52
34,11.6562117647,BLUE GRASS,3.8928,12.3720643804,0.529500038042,1032,10346.51
35,12.6634435262,BONDURANT,4.22845730028,14.2214792225,0.624955959049,1041,11611.98
36,14.0865277778,BOONE,4.70884027778,12.7694696746,0.972103320474,12788,169395.06
37,13.466433121,BRITT,4.51171974522,9.92841121495,0.71717634913,1227,14341.59
38,15.3254123711,BROOKLYN,5.11886597938,12.8749120131,0.679573414665,967,13169.49
39,10.4819444444,BUFFALO,3.51666666667,12.5823006695,0.867310613843,540,5168.18
40,13.9160264901,BUFFALO CENTER,4.65986754967,11.8438541382,0.775748766601,719,8672.07
41,14.2893210073,BURLINGTON,4.77008606949,15.3673631117,0.654754558017,30885,366889.34
42,6.50875,BUSSEY,2.171875,8.71724137931,0.64851342076,390,1896.0
43,13.5555395683,CAMANCHE,4.52424460432,13.2558668716,0.474381747145,1453,15437.65
44,11.6156862745,CAMBRIDGE,3.88843137255,11.8879964051,0.843367459789,199,2116.42
45,12.9381767956,CARLISLE,4.33552486188,11.2820249827,0.946037078851,2373,28929.03
46,14.7160433604,CARROLL,4.91785907859,13.3652939864,0.909176397768,18656,278581.51
47,11.2185454545,CARTER LAKE,3.74145454545,13.9217376255,0.520741336489,1890,12065.97
48,13.4096,CASCADE,4.48853333333,11.6659645064,0.840647369282,1491,19161.93
49,11.0037837838,CASEY,3.66945945946,14.9872377622,0.891993950913,535,5143.62
50,15.0126245847,CEDAR FALLS,5.01644168561,14.1938684292,0.778378721473,48744,647023.66
51,14.2024215414,CEDAR RAPIDS,4.74356266012,14.531323268,0.694649657054,194525,2486949.08
52,12.4560571429,CENTER POINT,4.16537142857,10.8559396817,0.835051652493,827,9718.78
53,13.9831654676,CENTERVILLE,4.67232271326,11.9810202238,0.905568724706,7751,91108.59
54,11.4211363636,CENTRAL CITY,3.82242424242,11.0186308142,0.471256756944,1116,9539.6
55,14.2108631579,CHARITON,4.74896842105,14.1523399077,0.834667243731,3629,47911.19
56,14.536711165,CHARLES CITY,4.85359223301,13.0415323676,0.853592896517,9605,123367.81
57,14.4433079848,CHEROKEE,4.8319391635,12.6026957799,0.544439551326,7144,80297.32
58,14.6945686275,CLARINDA,4.912,13.9708157546,0.663623521866,3451,45367.43
59,13.4470481928,CLARION,4.49722891566,12.3334695321,0.616984310612,1317,15696.19
60,11.4584848485,CLARKSVILLE,3.83045454545,12.3649729842,0.888053385503,652,7140.03
61,15.9010865385,CLEAR LAKE,5.31296634615,13.6965274484,0.845607575425,14753,208523.33
62,13.594881378,CLINTON,4.53981475463,13.7877237022,0.694379055658,29144,352625.17
63,14.0357341908,CLIVE,4.69077170418,15.41135897,0.490248433622,8216,94199.62
64,11.6438020833,COLFAX,3.88796875,11.9398135639,0.750628780449,1464,15908.13
65,12.8303703704,COLO,4.28407407407,11.2513777778,0.72634804626,348,3797.34
66,12.3371034483,COLUMBUS JUNCTION,4.11837931034,14.8229281747,0.843250974425,3255,19186.65
67,14.4922222222,CONRAD,4.86373737374,11.1430637667,0.790387026845,473,6163.34
68,15.2027966102,COON RAPIDS,5.08610169492,13.1263713592,0.598956602416,854,10816.13
69,16.4300870575,CORALVILLE,5.48651189785,17.2222820578,0.762701397361,37787,616268.88
70,15.4067342342,CORNING,5.14605855856,13.6939403625,0.712567640224,1894,26562.41
71,14.7676666667,CORWITH,4.95933333333,11.3131107206,0.948692072237,211,3218.58
72,15.8719230769,CORYDON,5.306,12.6380553846,0.824469570292,782,10268.42
73,14.1990879681,COUNCIL BLUFFS,4.74185890258,14.9468283861,0.732084635978,87512,1191881.32
74,12.7403846154,CRESCENT,4.26692307692,16.6474165894,0.798205583413,246,2874.01
75,15.0010035842,CRESCO,5.01657706093,11.5196584036,0.941510071784,5782,83228.38
76,15.1447125353,CRESTON,5.06044297832,14.0290684589,0.893165015011,8006,112822.47
77,26.39,Carroll,8.8,35.1866666667,1.0,24,633.36
78,11.8833333333,Cumming,3.96333333333,12.8310447761,0.864803138938,264,2579.04
79,7.8592,DAKOTA CITY,2.622,10.3959047221,0.754853177128,462,2487.74
80,9.20533333333,DANVILLE,3.07,13.1569082126,0.81542103223,174,1361.74
81,13.7062690732,DAVENPORT,4.57824744965,14.6424368107,0.685821610646,153200,1697702.84
82,14.8401075269,DAYTON,4.96247311828,13.9363334912,0.874549792642,491,7354.9
83,12.8521969697,DE SOTO,4.30272727273,12.3332740575,0.549981218775,891,9709.74
84,15.1508995633,DECORAH,5.06092576419,13.2690688486,0.699355078427,10385,135214.2
85,14.1915789474,DELAWARE,4.76210526316,12.5981560284,0.758011401211,286,3552.68
86,9.68545454545,DELHI,3.24454545455,15.2558139535,0.920275618618,59,524.8
87,12.1386206897,DELMAR,4.05551724138,13.1243028876,0.45588594681,234,2118.0
88,14.239032967,DENISON,4.75879120879,11.5080790867,0.977511615342,10788,143568.12
89,12.9066129032,DENVER,4.32919354839,11.3169511969,0.898345156103,1002,12197.41
90,14.9816373105,DES MOINES,5.0023706495,15.8656132099,0.736643053002,344151,4380886.26
91,14.3268656716,DEWITT,4.79900497512,12.0869100067,0.948027009403,2867,40220.16
92,14.0370588235,DONNELLSON,4.68117647059,15.8667768595,0.942176059784,222,2879.82
93,10.5046153846,DOWS,3.52,12.9949612403,0.910081237621,198,2011.62
94,15.2611788737,DUBUQUE,5.09863437409,13.7657835699,0.753514426972,70910,965011.3
95,12.590483871,DUMONT,4.22016129032,9.03091667955,0.862966769315,371,4089.47
96,16.2674594595,DUNLAP,5.42902702703,14.8678186802,0.608507099594,1021,15185.99
97,12.4669230769,DURANT,4.16441295547,11.585001045,0.695343145685,833,8868.55
98,14.0916446125,DYERSVILLE,4.71109640832,11.4683828455,0.955254094936,4464,60948.95
99,12.2583783784,DYSART,4.10162162162,13.2212145749,0.904581707543,426,4898.46
100,12.3272164948,Des Moines,4.11082474227,17.4896433319,0.563194742769,492,3157.93
101,12.5542622951,Dubuque,4.18639344262,22.9884015595,0.913500365123,1227,14151.66
102,15.0680067568,EAGLE GROVE,5.0360472973,11.6698806639,0.99511943898,2706,38040.31
103,12.2240540541,EARLHAM,4.08216216216,10.8995233756,0.941593416601,279,3110.07
104,11.3822580645,EARLY,3.82193548387,12.141809291,0.914000990204,288,2979.6
105,16.0265625,EDDYVILLE,5.360625,14.2185778578,0.811370707787,296,3949.21
106,13.5218604651,EDGEWOOD,4.51825581395,11.5107471264,0.842435627804,454,6008.61
107,13.34,ELDON,4.44820512821,13.4710344828,0.625966701607,346,3515.94
108,13.3859493671,ELDORA,4.47085443038,10.8095872558,0.983083149009,2632,33425.73
109,14.4896387283,ELDRIDGE,4.84319364162,13.1887462296,0.520427837397,4673,54349.9
110,13.8709090909,ELKADER,4.65239669421,11.3447046295,0.92502338555,742,9481.11
111,11.4485869565,ELLSWORTH,3.84619565217,11.7090685074,0.950395478473,635,7412.66
112,17.5320833333,ELMA,5.85895833333,13.1512912867,0.919539950225,505,8580.56
113,12.3346511628,ELY,4.1423255814,13.5566551922,0.664580371042,440,4725.85
114,15.6149787234,EMMETSBURG,5.21676595745,13.1905481272,0.767078717871,4424,61557.65
115,14.9689896373,ESTHERVILLE,5.00120466321,12.3022263726,0.922850506846,4957,65606.42
116,12.6868672199,EVANSDALE,4.24066390041,13.0843729149,0.687520586572,4166,38828.4
117,15.0714285714,EVERLY,5.04285714286,11.0044635193,0.823027950263,50,641.01
118,11.8290909091,EXIRA,3.95590909091,10.8562436548,0.70841218981,330,3208.02
119,14.4847674419,FAIRBANK,4.85290697674,11.1751982379,0.712916645125,427,5073.54
120,9.7475,FAIRFAX,3.25055555556,12.8813204509,0.854659095792,439,3999.65
121,16.3250557621,FAIRFIELD,5.44965303594,15.1511940659,0.806470885716,7643,104212.64
122,9.23793103448,FARLEY,3.08103448276,10.3094610778,0.805226146123,312,2582.52
123,11.479375,FARMINGTON,3.8284375,14.333919825,0.917594490377,276,3014.28
124,14.0865217391,FAYETTE,4.70927536232,13.668198618,0.725354168729,1059,12758.58
125,15.5081060606,FLOYD,5.18446969697,15.3162557561,0.901168311338,1394,21420.09
126,14.595,FONDA,4.86666666667,15.7409090909,0.897240361948,168,2077.8
127,19.9624193548,FONTANELLE,6.65580645161,13.8338998836,0.678006210434,527,8912.49
128,15.4201346801,FOREST CITY,5.15094276094,11.9432011014,0.984111058606,5469,70874.18
129,15.465125,FORT ATKINSON,5.159875,12.7836617367,0.857497715978,856,13475.13
130,14.8399427995,FORT DODGE,4.95972745626,13.1806619232,0.915394586295,35469,463841.86
131,14.3526753435,FORT MADISON,4.79535068691,13.7365523871,0.763313287287,10959,133755.97
132,13.0028205128,FREDERICKSBURG,4.34743589744,10.4784549356,0.922124622527,423,5493.33
133,13.3935795455,GARNER,4.48590909091,10.2758061534,0.581565622874,1865,19454.67
134,14.6154166667,GEORGE,4.88808333333,14.1353861713,0.841579927187,375,5311.23
135,11.76,GILBERTVILLE,3.92166666667,17.2569856054,1.0,33,407.61
136,8.878125,GILMORE CITY,2.96125,9.09538461538,0.817288824203,234,1773.6
137,11.5622972973,GLADBROOK,3.86135135135,10.6530412371,0.867537144499,365,4133.38
138,14.1198873239,GLENWOOD,4.718,12.2491240613,0.48084400631,3439,39749.51
139,12.5554716981,GLIDDEN,4.19433962264,14.8852392087,0.829825668072,337,4010.53
140,8.772,GOLDFIELD,2.95666666667,9.55960099751,0.578977078394,312,2300.04
141,15.7940909091,GOWRIE,5.27348484848,13.7086933752,0.687317432611,959,12564.84
142,13.6943298969,GRAETTINGER,4.56979381443,11.2494672489,0.783354087942,530,6440.32
143,13.2296428571,GRAND JUNCTION,4.42928571429,11.3952923977,0.571270223049,386,3897.19
144,12.48125,GRAND MOUND,4.18078125,12.8715211372,0.753475573783,407,4509.28
145,10.8970967742,GRANGER,3.63419354839,11.8466189809,0.78301636828,521,4819.56
146,14.2310377358,GREENE,4.75924528302,11.2412958435,0.82122132207,371,4597.69
147,14.0587113402,GREENFIELD,4.69458762887,13.0813974205,0.649942295982,1426,16887.43
148,15.2193745928,GRIMES,5.08569381107,13.9724425256,0.820752363758,9903,136766.04
149,14.5723113208,GRINNELL,4.86564690027,14.3002424123,0.833720498499,8816,118041.78
150,14.248,GRISWOLD,4.75,12.1973913043,0.902689660869,36,420.81
151,12.3723002421,GRUNDY CENTER,4.13401937046,11.9294077506,0.752458657356,2369,26572.04
152,12.390942029,GUTHRIE CENTER,4.14797101449,12.2494591086,0.785944528403,816,9624.89
153,16.5657936508,GUTTENBERG,5.53043650794,14.6756631741,0.825762635248,1445,20939.97
154,14.3418,GUTTENBURG,4.7845,13.1847971238,0.910173654434,717,10268.32
155,10.2611111111,HAMBURG,3.43148148148,14.2877045555,0.89223314906,371,3230.45
156,15.0353811659,HAMPTON,5.02813153961,12.6706867736,0.808941906444,4152,52992.74
157,13.8949016641,HARLAN,4.64231467474,11.950128994,0.912990578644,7446,101395.53
158,15.2460416667,HARPERS FERRY,5.10041666667,12.9049071076,0.432011658718,410,4105.18
159,13.0182154882,HARTLEY,4.35023569024,10.8729038294,0.988555063798,1493,19639.4
160,15.0442774566,HAWARDEN,5.02832369942,12.6680944178,0.621670053635,1252,16325.88
161,9.42387096774,HAZLETON,3.14258064516,12.8935761589,0.64630194606,722,3893.86
162,10.9741221374,HIAWATHA,3.66348600509,13.571193117,0.516437152419,4469,35900.42
163,16.31825,HOLSTEIN,5.44871875,14.8524195161,0.771143391207,1924,29710.78
164,13.3465,HOLY CROSS,4.46433333333,12.5100580403,0.909658268792,698,9160.49
165,10.7007407407,HOSPERS,3.57777777778,11.7722371968,0.973876874363,213,2445.8
166,12.4002597403,HUBBARD,4.14649350649,9.26451973566,0.941165235669,378,4640.32
167,17.434,HUDSON,5.82975,14.0131017595,0.632223195789,377,5551.01
168,14.4170749543,HUMBOLDT,4.81895795247,13.0154933041,0.852188595612,4334,57166.91
169,8.98566666667,HUMESTON,3.00566666667,10.7381144239,0.84464942672,340,2665.2
170,14.4604201681,HUXLEY,4.83428571429,13.5230372058,0.885739952997,997,13357.38
171,15.0773248408,IDA GROVE,5.04267515924,12.108336915,0.958125070092,3346,46483.3
172,14.7628316611,INDEPENDENCE,4.92702341137,13.0159348349,0.921303105694,7823,109552.26
173,14.1545005675,INDIANOLA,4.72733825199,12.3236579902,0.898096135308,15700,190450.55
174,14.4687931034,INWOOD,4.84155172414,12.8963553192,0.845545745161,931,12996.56
175,15.0248160746,IOWA CITY,5.01857520786,15.50298602,0.644151523959,93923,1250666.19
176,15.8285212299,IOWA FALLS,5.29040995608,13.0705017078,0.839606472049,7019,104122.1
177,15.8555555556,IRETON,5.28722222222,16.3478599222,0.845362986976,202,3151.05
178,17.9777419355,Inwood,6.01580645161,16.8710500808,0.899509574145,316,5221.59
179,15.6460771704,JEFFERSON,5.22628617363,12.8733190847,0.975038755876,4777,68543.73
180,14.8209944751,JESUP,4.95436464088,12.098317757,0.755766022278,709,9385.27
181,10.4387209302,JEWELL,3.49802325581,9.4204060774,0.843399785069,475,4792.82
182,14.4592466074,JOHNSTON,4.83089845578,14.2123873834,0.870629357945,12242,170671.87
183,10.193,KELLOG,3.399,11.0172065535,0.881235096038,157,1472.67
184,12.7527160494,KELLOGG,4.25481481481,15.3550435811,0.691675226597,374,3505.71
185,15.5547010551,KEOKUK,5.19207502931,15.0072723785,0.860527907527,21965,319238.75
186,14.5749765258,KEOSAUQUA,4.86873239437,13.679169739,0.832387883336,1278,18551.69
187,11.4745454545,KEOTA,3.83227272727,11.1834674788,0.621003814288,285,2570.52
188,12.4496,KINGSLEY,4.1676,11.6087671233,0.716544077544,521,5720.22
189,13.4214942529,KNOXVILLE,4.48326149425,13.3965025547,0.655756731535,7805,93997.23
190,13.4375403226,LA PORTE CITY,4.49564516129,12.6362805343,0.839045296448,1179,14929.26
191,13.806350365,LAKE CITY,4.62051094891,11.5328992629,0.836760441267,1120,14081.67
192,13.4020873786,LAKE MILLS,4.4813592233,12.2010709794,0.703042555004,1437,15812.71
193,13.2221212121,LAKE PARK,4.42121212121,11.8865198238,0.944000284497,314,4047.36
194,15.1740721649,LAKE VIEW,5.07582474227,12.4684971849,0.522557351327,1719,21592.32
195,10.9141509434,LAMONI,3.65764150943,13.2295614765,0.743813093254,826,8426.04
196,12.5330666667,LANSING,4.1926,10.8410538326,0.741801043578,956,10451.86
197,16.3638157895,LARCHWOOD,5.46322368421,14.5915911524,0.707142660132,1898,27937.79
198,14.16875,LATIMER,4.74625,8.43587628866,0.964624029739,90,1227.42
199,12.2772340426,LAURENS,4.10936170213,10.1329363918,0.77048892873,1283,13852.94
200,17.2595121951,LAWLER,5.77853658537,16.7877110531,0.961955667495,566,9644.54
201,14.7114652015,LE CLAIRE,4.91062271062,15.6627060228,0.604381736166,1030,11679.21
202,13.3541071429,LE GRAND,4.46389285714,13.609200456,0.698342411684,718,8357.41
203,16.4430023641,LE MARS,5.49016548463,13.4791581068,0.818123920252,4176,58067.0
204,14.7232075472,LECLAIRE,4.92336477987,20.7780023379,0.970003135039,3712,57058.68
205,14.6695005675,LEMARS,4.89746878547,13.824637969,0.790376557644,6439,88410.91
206,13.4029787234,LENOX,4.47326241135,12.9054961134,0.772812211488,685,7056.08
207,14.5661538462,LEON,4.87,13.8716666667,0.674745230873,958,11319.28
208,13.5761151079,LISBON,4.55014388489,12.0895943748,0.796282413592,931,11519.57
209,12.0962135922,LOGAN,4.04708737864,11.0487119844,0.80614483883,757,8929.79
210,11.3733333333,LOHRVILLE,3.79333333333,15.5,1.0,12,139.5
211,12.8581818182,LOST NATION,4.28757575758,14.040128623,0.655631304233,284,3187.39
212,10.9772727273,LOVILIA,3.66090909091,16.8731048806,0.78457047609,92,812.44
213,12.5527777778,MADRID,4.19105555556,12.6481725449,0.825964009772,894,10080.72
214,8.538,MALVERN,2.84766666667,11.6852173913,0.889044326614,468,3225.12
215,15.2270702541,MANCHESTER,5.09016442451,12.9933177486,0.857898369293,7084,96989.27
216,10.37625,MANLY,3.46,12.2632457748,0.611372975447,401,3011.24
217,14.9879847909,MANNING,5.00673003802,13.9642395708,0.68014555305,946,12753.54
218,13.3956395349,MANSON,4.47430232558,13.4297682285,0.807542253396,1157,15245.07
219,15.5028505747,MAPLETON,5.18588505747,13.0042149906,0.844347677323,2119,29926.73
220,13.5865878645,MAQUOKETA,4.53842395587,12.0140637819,0.95028721051,9180,118468.16
221,13.6206493506,MARCUS,4.55935064935,11.6036452005,0.799110591517,367,4774.9
222,13.8390140845,MARENGO,4.63300469484,12.2100599512,0.848745365461,2712,40774.03
223,13.8507243461,MARION,4.62692152918,13.3027646875,0.877990071952,22629,291375.51
224,14.9407680835,MARSHALLTOWN,4.99117076808,14.5328798293,0.669207862919,25414,338061.38
225,13.585,MARTENSDALE,4.53,16.4586407767,0.772447261386,228,2542.86
226,14.8469118718,MASON CITY,4.95990531682,12.9879350425,0.489694597669,39056,477804.83
227,12.0561538462,MAXWELL,4.07923076923,11.3605542725,0.991329627965,300,3689.34
228,10.645,MECHANICSVILLE,3.5734375,13.9233680227,0.515492886255,526,4415.1
229,15.2722740525,MEDIAPOLIS,5.09443148688,15.1168491001,0.549688440511,1145,14832.35
230,13.54,MELBOURNE,4.515,11.9309090909,0.982772024793,74,984.3
231,15.0083040936,MELCHER-DALLAS,5.00766081871,14.596808606,0.697291735262,1245,16282.74
232,11.857,MERRILL,3.978,12.8365384615,0.765695976209,97,1001.25
233,15.2013487882,MILFORD,5.07464699684,13.6156055916,0.706786198859,10956,153328.33
234,13.2088888889,MINDEN,4.43333333333,16.4177932042,0.915041063335,72,898.71
235,13.3707012195,MISSOURI VALLEY,4.46678353659,12.716074139,0.617292129811,2701,29740.99
236,16.7934411085,MONONA,5.6133256351,13.8459299773,0.776807853988,1449,22075.12
237,12.4867768595,MONROE,4.1694214876,13.0305790701,0.703062854946,787,8496.98
238,15.4353913043,MONTEZUMA,5.15466666667,13.3106695173,0.8346620877,2081,29572.98
239,13.7042624224,MONTICELLO,4.5799068323,12.542256732,0.716715182326,4477,55565.96
240,8.50473684211,MONTROSE,2.84763157895,12.6214581066,0.792767874818,410,2899.78
241,18.9207462687,MORAVIA,6.32447761194,16.8790317003,0.807359868563,420,7321.28
242,14.007761194,MOUNT AYR,4.68278606965,11.4158804736,0.903103020566,1298,18223.17
243,13.2578771552,MOUNT PLEASANT,4.43047413793,13.2341205535,0.985538154704,8881,113352.36
244,17.3309964727,MOUNT VERNON,5.78845679012,14.5519237405,0.730956633707,17716,254311.02
245,15.5544767442,MT PLEASANT,5.19953488372,13.4068974198,0.871478959328,2178,31955.34
246,20.4526388889,MT VERNON,6.81902777778,12.7664803596,0.848942954927,1261,16331.52
247,14.3455945707,MUSCATINE,4.79166420773,13.8694990564,0.795889373116,25054,324474.85
248,14.293372093,NASHUA,4.77279069767,12.2582689487,0.769347068823,483,6267.04
249,11.1912698413,NEOLA,3.74206349206,13.5793125793,0.926519919093,431,5029.37
250,13.3358008658,NEVADA,4.4555952381,12.2924376132,0.601057238642,4325,47249.18
251,13.9537451737,NEW HAMPTON,4.668996139,10.8469906787,0.839469662476,1834,23052.35
252,13.8428571429,NEW SHARON,4.61607142857,12.3445106383,0.954566237551,228,2900.96
253,12.2088571429,NEW VIRGINIA,4.07828571429,13.7834018399,0.873666666625,292,3520.97
254,14.2280929866,NEWTON,4.75398345154,12.8728886481,0.678654839993,15652,185805.73
255,12.0634090909,NORA SPRINGS,4.03022727273,13.9223966394,0.836938937447,404,4407.97
256,10.7096875,NORTH ENGLISH,3.5715625,8.05122811359,0.868284765434,141,1301.32
257,14.8013935681,NORTH LIBERTY,4.94509188361,14.9257428488,0.531901640257,11554,139954.81
258,13.7361111111,NORTHWOOD,4.58898148148,11.9015248254,0.868848324092,1086,14260.05
259,13.2597587719,NORWALK,4.43495614035,12.4622555896,0.914489993901,5855,79511.06
260,14.5314503817,Northwood,4.86534351145,11.2867559474,0.893316977231,1370,20277.56
261,13.9618823529,OAKLAND,4.65909803922,13.5737501324,0.595370555007,1289,14099.19
262,13.5206467662,OELWEIN,4.52429519071,12.3410143515,0.558237983954,7979,100428.83
263,13.4484552846,OGDEN,4.49520325203,12.8866671299,0.722120919625,784,9273.89
264,12.898,OKOBOJI,4.30125,14.9297105494,0.743252748267,309,3744.67
265,14.0529634146,ONAWA,4.69793902439,13.8985353459,0.500063060724,3390,37852.8
266,14.1188590604,ORANGE CITY,4.71567114094,11.2301627551,0.970983136791,4465,64439.46
267,13.584835443,OSAGE,4.54350632911,11.4273801432,0.732968563808,2640,30764.45
268,14.5151440922,OSCEOLA,4.85015850144,13.755696414,0.93384762806,5429,78233.46
269,14.8720343461,OSKALOOSA,4.97449141347,13.4335646225,0.77718196863,12201,152501.99
270,9.2465,OTHO,3.092,12.225046729,0.590962510682,252,1962.12
271,13.2208646288,OTTUMWA,4.41528384279,14.1260198315,0.88910501786,18303,235714.96
272,13.3913209607,OTTUWMA,4.4726419214,15.0294062365,0.872730403594,5596,74364.45
273,16.6659016393,PACIFIC JUNCTION,5.56163934426,14.3854950765,0.155919335252,1211,12403.03
274,13.5636842105,PALO,4.53578947368,12.0091624911,0.151922353953,507,5033.04
275,13.7435114504,PANORA,4.59541984733,12.4038645525,0.550732025312,1946,23077.39
276,13.2792941176,PARKERSBURG,4.44364705882,11.1435483871,0.880568254411,915,11399.85
277,15.441875,PAULLINA,5.166015625,11.198404119,0.50135055472,853,10048.44
278,15.457532014,PELLA,5.16643771828,14.1830097584,0.905486399834,7998,120531.33
279,11.8546428571,PEOSTA,3.95964285714,15.5320766718,0.857188845855,474,5372.39
280,13.3335670357,PERRY,4.45367773678,12.7048858932,0.849351723785,5335,64350.12
281,16.5228571429,PLEASANT HILL,5.52395348837,13.3641419346,0.865112077569,8266,111790.78
282,14.536809816,PLEASANTVILLE,4.85472392638,11.7791645192,0.489644744016,915,8456.38
283,13.4303703704,POCAHONTAS,4.48525252525,10.8562458389,0.984444953712,2084,26089.73
284,13.9508791209,POLK CITY,4.67600732601,12.7091403384,0.96921536596,2394,31976.07
285,14.1919565217,POSTVILLE,4.73195652174,11.8275126633,0.536792720499,387,4436.5
286,9.70727272727,PRAIRIE CITY,3.25181818182,14.7237700925,0.757219567609,377,3022.79
287,17.594537037,PRIMGHAR,5.87777777778,14.9117234247,0.736139764177,640,10093.0
288,9.54846153846,PRINCETON,3.1841025641,9.83851179095,0.882246269997,291,2469.86
289,13.8992361111,RAYMOND,4.63479166667,15.6881123033,0.446095211358,728,7398.2
290,15.3326196474,RED OAK,5.12102015113,13.0075779147,0.877240374155,5967,76745.23
291,12.176969697,REINBECK,4.09848484848,11.1844289044,0.807411087525,325,3598.59
292,13.7705343511,REMSEN,4.61374045802,12.4575228265,0.800832213096,958,12552.2
293,13.9806060606,RICEVILLE,4.66151515152,11.0629069767,0.845666559906,219,2854.23
294,15.2302252252,RIVERSIDE,5.08963963964,15.5273553647,0.844409062669,2084,30131.92
295,10.86,ROBINS,3.62,14.9818181818,1.0,11,123.6
296,15.1245020747,ROCK RAPIDS,5.05323651452,13.3323171753,0.470564124143,3434,43778.13
297,12.8176595745,ROCK VALLEY,4.28542553191,11.9992983558,0.828230741674,985,11458.13
298,12.8291925466,ROCKWELL,4.30248447205,11.965735847,0.744494447047,670,8625.74
299,10.0974107143,ROCKWELL CITY,3.37035714286,10.2580751639,0.792746463916,698,6526.29
300,14.9091176471,ROLFE,4.97117647059,12.8820441347,0.907236297576,193,2772.86
301,13.8045652174,RUTHVEN,4.60847826087,10.5667851852,0.702026878501,294,3566.29
302,15.7446875,SAC CITY,5.259328125,11.9201957997,0.682608357077,2728,36138.1
303,12.4986931818,SANBORN,4.17278409091,12.0937402724,0.934304507599,657,8158.8
304,15.3126666667,SCHALLER,5.106,11.6404407713,0.902626902486,77,1056.37
305,17.3986057692,SCHLESWIG,5.80745192308,14.4693494898,0.919892095211,682,11343.97
306,10.4992,SCRANTON,3.5012,12.2578795054,0.86255464282,241,2329.61
307,14.0009308511,SERGEANT BLUFF,4.6779787234,13.3804458319,0.802077762314,2259,27773.39
308,10.7185185185,SHEFFIELD,3.58703703704,11.7962303665,0.840557321156,364,3379.62
309,14.2990368852,SHELDON,4.7775307377,12.8854125627,0.910580206402,8139,113488.4
310,13.6953495441,SHELLSBURG,4.58006079027,11.7418482443,0.659005221676,962,10680.62
311,13.9397168405,SHENANDOAH,4.65837555887,13.4355199631,0.86439909232,6325,83817.76
312,15.5773219373,SIBLEY,5.20806267806,13.4629333547,0.717078980088,2132,30313.41
313,12.9701672241,SIGOURNEY,4.33655518395,11.3439164129,0.778697805116,1358,15721.08
314,15.7326714286,SIOUX CENTER,5.25241428571,14.8941998338,0.93614024162,5929,98607.05
315,14.960418357,SIOUX CITY,4.99485547667,14.8889433438,0.801287585832,90757,1200607.02
316,14.1503482587,SIOUX RAPIDS,4.72751243781,11.8309838686,0.728763258588,893,10583.17
317,12.6143076923,SLATER,4.218,12.7719418185,0.789645283102,490,5417.73
318,10.8753982301,SLOAN,3.63637168142,13.5608735122,0.929717526962,977,10755.4
319,14.1646783626,SOLON,4.72725146199,13.4375298045,0.846037821803,1972,25360.65
320,14.4563141361,SPENCER,4.82908376963,12.140974708,0.819016460318,13733,176608.81
321,15.4718143204,SPIRIT LAKE,5.16940533981,13.3912822449,0.687652501857,17136,241553.69
322,12.1648148148,SPRINGVILLE,4.10925925926,11.5444043321,0.92301524298,408,4796.7
323,18.2043315508,ST ANSGAR,6.07844919786,11.6035067174,0.637574298323,1327,17835.17
324,11.0514285714,ST CHARLES,3.7125,12.6121082621,0.866617360314,339,3541.48
325,22.3757894737,ST LUCAS,7.4598245614,16.4117261655,0.830484810753,477,9769.08
326,9.43555555556,STANWOOD,3.14666666667,17.44160401,0.991821820211,246,2087.76
327,11.6921764706,STATE CENTER,3.90911764706,11.4882002384,0.755972015504,506,5783.16
328,15.7720499603,STORM LAKE,5.26927835052,14.4493133405,0.686273126739,14734,201149.18
329,11.0787550201,STORY CITY,3.70662650602,11.5805902546,0.846420813362,1940,20274.95
330,17.2072151899,STRATFORD,5.75075949367,12.5391014593,0.849809834547,367,5456.39
331,13.9770689655,STRAWBERRY POINT,4.66913793103,10.4673539519,0.895775024806,536,6853.5
332,12.9558947368,STUART,4.33049122807,11.750945512,0.830626017222,2109,23893.08
333,11.74,SULLY,3.915,15.701754386,0.930008171675,228,2685.0
334,15.5144610778,SUMNER,5.1797005988,13.2182503753,0.822911204648,801,11533.32
335,14.5797142857,SUTHERLAND,4.868,12.6840366972,0.392216910276,358,4147.68
336,15.2690909091,SWEA CITY,5.09151515152,13.1331610624,0.356520989346,320,4015.07
337,18.8858436214,SWISHER,6.30530864198,27.9963455772,0.962493610794,1758,41828.78
338,11.1881060606,TIFFIN,3.74204545455,13.0803747591,0.615840746062,1145,11336.63
339,12.7643538767,TIPTON,4.27246520875,12.0742875617,0.979567117001,3919,48178.46
340,13.3484954604,TOLEDO,4.45770428016,13.3873922016,0.782876651855,4965,59874.71
341,13.4454857143,TRAER,4.48411428571,11.5316093491,0.534340474743,1296,12936.39
342,14.26125,TREYNOR,4.765,14.5460877204,0.520476544338,206,2318.21
343,14.0306722689,TRIPOLI,4.68953781513,11.4614079345,0.816461841585,1527,20263.54
344,10.4379310345,URBANA,3.49103448276,10.8915732369,0.882641724252,316,3011.52
345,14.6318316832,URBANDALE,4.88666254125,16.2019370979,0.905616627618,25212,339997.65
346,14.7821052632,Urbandale,4.94605263158,16.1342281879,0.64612544325,331,4158.92
347,10.45,VAN METER,3.48533333333,9.82889842632,0.260128529382,294,2061.12
348,13.033125,VICTOR,4.35875,14.0462306136,0.88091613113,411,5207.64
349,13.4822727273,VILLISCA,4.51090909091,12.2470351759,0.778776230632,167,1827.87
350,13.306407767,VINTON,4.44053398058,11.8137473171,0.893537259367,2476,32474.81
351,14.5506666667,WALFORD,4.86066666667,13.2627126437,0.919879112107,206,2884.64
352,11.1575,WALKER,3.734,9.68923611111,0.511397148476,286,2790.5
353,13.2185714286,WALL LAKE,4.43142857143,17.0006779661,0.997448611153,177,2256.84
354,13.7825,WALNUT,4.60057692308,15.2937603534,0.809803973619,479,5539.4
355,11.7047938144,WAPELLO,3.90644329897,12.9640436789,0.649882962913,1122,11515.96
356,11.3973333333,WASHBURN,3.84466666667,14.0130582076,0.896850531807,280,2275.02
357,15.302677761,WASHINGTON,5.11011346445,14.5808215022,0.556184090228,11134,143205.83
358,13.4622373448,WATERLOO,4.49561365807,14.9277835473,0.531354430189,117206,1211603.55
359,15.1097419355,WAUKEE,5.05262365591,16.2187955783,0.703048672193,13677,196604.24
360,15.4614375,WAUKON,5.1633375,12.8819736166,0.766100406591,5697,80006.46
361,14.9356865285,WAVERLY,4.99195595855,13.0704683817,0.827637444721,11856,160655.27
362,13.2353424658,WEBSTER CITY,4.42478310502,12.6049600177,0.960576652115,7102,85515.2
363,15.1732244898,WELLMAN,5.06942857143,12.5658397731,0.799652499714,923,12228.07
364,9.86047619048,WELLSBURG,3.31285714286,8.66118811881,0.635509514819,312,2624.34
365,18.4165,WESLEY,6.15621428571,13.7302391796,0.770469277396,1495,23243.51
366,17.0749056604,WEST BEND,5.69613207547,10.1905834618,0.992534981053,1027,15471.14
367,11.7372900763,WEST BRANCH,3.9227480916,12.5719007323,0.75161421203,826,8824.72
368,14.9620613288,WEST BURLINGTON,5.00470187394,12.8864327604,0.835791143006,6064,83806.4
369,15.8640528819,WEST DES MOINES,5.29918718523,16.5135283257,0.892340784709,73941,1181449.32
370,15.2216911765,WEST LIBERTY,5.07966911765,15.6144690129,0.620239780328,1565,21199.14
371,17.2343428571,WEST POINT,5.74897142857,16.0471073378,0.844955365044,1666,26461.68
372,14.5489020772,WEST UNION,4.86130563798,11.3007801327,0.95006714884,2192,28841.06
373,12.6169230769,WHEATLAND,4.21692307692,12.3917541118,0.774489646702,152,1665.08
374,13.9802281369,WILLIAMSBURG,4.68410646388,11.9156939777,0.924693040206,2349,31483.17
375,11.6688535032,WILTON,3.90022292994,11.4935335335,0.79295433167,1120,11482.04
376,16.0214372542,WINDSOR HEIGHTS,5.35066499821,14.1798578397,0.731210584064,38449,599211.44
377,14.5621611253,WINTERSET,4.86680306905,11.7308848711,0.911448558984,6990,88099.18
378,15.5079245283,WINTHROP,5.18490566038,14.1019543974,0.863384048066,414,6061.02
379,12.6663870968,WOODBINE,4.23090322581,14.4531715586,0.808462562441,667,8100.28
380,11.1705714286,WOODWARD,3.75314285714,12.262084507,0.910451854617,306,3264.78
381,11.5565384615,ZWINGLE,3.86653846154,12.6541934631,0.580843225501,617,5745.51
